build,inicio_utc,duracao_segundos,resultado,deploy_azure
2,2026-09-28T18:06:19.669Z,21.311,SUCCESS,false
3,2026-09-28T18:06:49.672Z,15.254,SUCCESS,false
4,2026-09-28T18:07:14.674Z,16.413,SUCCESS,false
5,2026-09-28T18:07:39.676Z,17.352,SUCCESS,false
6,2026-09-28T18:08:09.678Z,14.669,SUCCESS,false
7,2026-09-28T18:08:34.681Z,15.075,SUCCESS,false
8,2026-09-28T18:08:59.683Z,14.94,SUCCESS,false
9,2026-09-28T18:09:24.684Z,15.825,SUCCESS,false
10,2026-09-28T18:09:49.686Z,19.57,SUCCESS,false
11,2026-09-28T18:10:19.689Z,14.695,SUCCESS,false
